,sequence,len,cancer
0,TGCTAACAGTCTTGCAGGTCTCCCGAG,27,Bladder Cancer
1,AGAGTCGGTCGGAGGCTCTGGCTG,24,Bladder Cancer
2,CACCGTCAGTGCCGTGTTCCAGG,23,Bladder Cancer
3,AGAGCTAAAGTCCAAGAGAGGATCCGAGAACG,32,Bladder Cancer
4,ACGCGGCCAGTGCAAGGCAT,20,Bladder Cancer
5,CTCTGGCTCCGTGTTCCGAGGC,22,Bladder Cancer
6,CCCATTCAGGATCACACAGGAGATGGC,27,Bladder Cancer
7,TGGCATCTGCACGGCGGTAGAG,22,Bladder Cancer
8,AAGAGAAAGCAGTGCAAACCTTCCCGT,27,Bladder Cancer
9,AATGAGGCGGTGGTCAATATCCTGTCG,27,Bladder Cancer
10,AGCCGGGATCTACCATACCCATTGACTAACT,31,Bladder Cancer
11,TTCTGTGGAATTAGTGACCCAGCAAATGTG,30,Bladder Cancer
12,ACCCAACTGGTAGGGCTTCATGCCA,25,Bladder Cancer
13,CGTTAGGCTGGTCACCTTCTG,21,Bladder Cancer
14,CAGGCTTCCCAGCTCCATC,19,Bladder Cancer
15,GCCCGTTGAAAACCTCCC,18,Bladder Cancer
16,TTGAGCTCGTGGACAGGCTTA,21,Bladder Cancer
17,TAGTGACAGACCCCAGGCTGA,21,Bladder Cancer
18,GCGAATATCAGCCATGGAGTAGA,23,Bladder Cancer
19,CGTCAGCTTGGGAATAGATGAAG,23,Bladder Cancer
20,CCCCATCGAACACACAGTTATCT,23,Bladder Cancer
21,CAGCAGATGCCACGCTTG,18,Bladder Cancer
22,ATGTTGAGGCAGTGCACCTTT,21,Bladder Cancer
23,ACCTTCTCCAATTTTCTCTATTTTGG,26,Bladder Cancer
24,CCCTATAGTTAATGCCAACATCTTCA,26,Bladder Cancer
25,TCTGCTGAACCAGCTCTTCTTG,22,Bladder Cancer
26,TGAACCTGGCCATCAGCAT,19,Bladder Cancer
27,TACAAGGAGATCCGGAAAGGC,21,Bladder Cancer
28,CTCGAGGTGTACGCGCTGT,19,Bladder Cancer
29,TTCATATCCCCTCAGCAGAGATG,23,Bladder Cancer
30,TGCTCTCCTGGGTGGCAG,18,Bladder Cancer
31,CCTGTCATTTACGCTGTCTTTACCT,25,Bladder Cancer
32,GGAGTGTGTTGACCAGCAAGAC,22,Bladder Cancer
33,CGGACCCCAGCAACCA,16,Bladder Cancer
34,AATTGTGACCGCAAAGGATTCT,22,Bladder Cancer
35,GCAGGTGTCAGCAAGTATGATCA,23,Bladder Cancer
36,GCCGCCGCGGAATAAT,16,Bladder Cancer
37,CCGCCCAGACACCTACATTG,20,Bladder Cancer
38,AATTCAGAGGCCTTCTGAAGGA,22,Bladder Cancer
39,TGCTAACAGTCTTGCAGGTCTCCCGAG,27,Bladder Cancer
40,AGAGTCGGTCGGAGGCTCTGGCTG,24,Bladder Cancer
41,CACCGTCAGTGCCGTGTTCCAGG,23,Bladder Cancer
42,AGAGCTAAAGTCCAAGAGAGGATCCGAGAACG,32,Bladder Cancer
43,ACGCGGCCAGTGCAAGGCAT,20,Bladder Cancer
44,CTCTGGCTCCGTGTTCCGAGGC,22,Bladder Cancer
45,CCCATTCAGGATCACACAGGAGATGGC,27,Bladder Cancer
46,TGGCATCTGCACGGCGGTAGAG,22,Bladder Cancer
47,AAGAGAAAGCAGTGCAAACCTTCCCGT,27,Bladder Cancer
48,AATGAGGCGGTGGTCAATATCCTGTCG,27,Bladder Cancer
49,AGCCGGGATCTACCATACCCATTGACTAACT,31,Bladder Cancer
50,TTCTGTGGAATTAGTGACCCAGCAAATGTG,30,Bladder Cancer
51,ACCCAACTGGTAGGGCTTCATGCCA,25,Bladder Cancer
52,CGTTAGGCTGGTCACCTTCTG,21,Bladder Cancer
53,CAGGCTTCCCAGCTCCATC,19,Bladder Cancer
54,GCCCGTTGAAAACCTCCC,18,Bladder Cancer
55,TTGAGCTCGTGGACAGGCTTA,21,Bladder Cancer
56,TAGTGACAGACCCCAGGCTGA,21,Bladder Cancer
57,GCGAATATCAGCCATGGAGTAGA,23,Bladder Cancer
58,CGTCAGCTTGGGAATAGATGAAG,23,Bladder Cancer
59,CCCCATCGAACACACAGTTATCT,23,Bladder Cancer
60,CAGCAGATGCCACGCTTG,18,Bladder Cancer
61,ATGTTGAGGCAGTGCACCTTT,21,Bladder Cancer
62,ACCTTCTCCAATTTTCTCTATTTTGG,26,Bladder Cancer
63,CCCTATAGTTAATGCCAACATCTTCA,26,Bladder Cancer
64,TCTGCTGAACCAGCTCTTCTTG,22,Bladder Cancer
65,TGAACCTGGCCATCAGCAT,19,Bladder Cancer
66,TACAAGGAGATCCGGAAAGGC,21,Bladder Cancer
67,CTCGAGGTGTACGCGCTGT,19,Bladder Cancer
68,TTCATATCCCCTCAGCAGAGATG,23,Bladder Cancer
69,TGCTCTCCTGGGTGGCAG,18,Bladder Cancer
70,CCTGTCATTTACGCTGTCTTTACCT,25,Bladder Cancer
71,GGAGTGTGTTGACCAGCAAGAC,22,Bladder Cancer
72,CGGACCCCAGCAACCA,16,Bladder Cancer
73,AATTGTGACCGCAAAGGATTCT,22,Bladder Cancer
74,GCAGGTGTCAGCAAGTATGATCA,23,Bladder Cancer
75,GCCGCCGCGGAATAAT,16,Bladder Cancer
76,CCGCCCAGACACCTACATTG,20,Bladder Cancer
77,AATTCAGAGGCCTTCTGAAGGA,22,Bladder Cancer
78,TGCTAACAGTCTTGCAGGTCTCCCGAG,27,Bladder Cancer
79,AGAGTCGGTCGGAGGCTCTGGCTG,24,Bladder Cancer
80,CACCGTCAGTGCCGTGTTCCAGG,23,Bladder Cancer
81,AGAGCTAAAGTCCAAGAGAGGATCCGAGAACG,32,Bladder Cancer
82,ACGCGGCCAGTGCAAGGCAT,20,Bladder Cancer
83,CTCTGGCTCCGTGTTCCGAGGC,22,Bladder Cancer
84,CCCATTCAGGATCACACAGGAGATGGC,27,Bladder Cancer
85,TGGCATCTGCACGGCGGTAGAG,22,Bladder Cancer
86,AAGAGAAAGCAGTGCAAACCTTCCCGT,27,Bladder Cancer
87,AATGAGGCGGTGGTCAATATCCTGTCG,27,Bladder Cancer
88,AGCCGGGATCTACCATACCCATTGACTAACT,31,Bladder Cancer
89,TTCTGTGGAATTAGTGACCCAGCAAATGTG,30,Bladder Cancer
90,ACCCAACTGGTAGGGCTTCATGCCA,25,Bladder Cancer
91,CGTTAGGCTGGTCACCTTCTG,21,Bladder Cancer
92,CAGGCTTCCCAGCTCCATC,19,Bladder Cancer
93,GCCCGTTGAAAACCTCCC,18,Bladder Cancer
94,TTGAGCTCGTGGACAGGCTTA,21,Bladder Cancer
95,TAGTGACAGACCCCAGGCTGA,21,Bladder Cancer
96,GCGAATATCAGCCATGGAGTAGA,23,Bladder Cancer
97,CGTCAGCTTGGGAATAGATGAAG,23,Bladder Cancer
98,CCCCATCGAACACACAGTTATCT,23,Bladder Cancer
99,CAGCAGATGCCACGCTTG,18,Bladder Cancer
100,ATGTTGAGGCAGTGCACCTTT,21,Bladder Cancer
101,ACCTTCTCCAATTTTCTCTATTTTGG,26,Bladder Cancer
102,CCCTATAGTTAATGCCAACATCTTCA,26,Bladder Cancer
103,TCTGCTGAACCAGCTCTTCTTG,22,Bladder Cancer
104,TGAACCTGGCCATCAGCAT,19,Bladder Cancer
105,TACAAGGAGATCCGGAAAGGC,21,Bladder Cancer
106,CTCGAGGTGTACGCGCTGT,19,Bladder Cancer
107,TTCATATCCCCTCAGCAGAGATG,23,Bladder Cancer
108,TGCTCTCCTGGGTGGCAG,18,Bladder Cancer
109,CCTGTCATTTACGCTGTCTTTACCT,25,Bladder Cancer
110,GGAGTGTGTTGACCAGCAAGAC,22,Bladder Cancer
111,CGGACCCCAGCAACCA,16,Bladder Cancer
112,AATTGTGACCGCAAAGGATTCT,22,Bladder Cancer
113,GCAGGTGTCAGCAAGTATGATCA,23,Bladder Cancer
114,GCCGCCGCGGAATAAT,16,Bladder Cancer
115,CCGCCCAGACACCTACATTG,20,Bladder Cancer
116,AATTCAGAGGCCTTCTGAAGGA,22,Bladder Cancer
